"cid","Name","MinValue","MaxValue","AvgValue","year","chamber","Origin","Source"
"N00007017","Darrell Issa (R-Calif)","330380031","597850005","464115018","2012","H","Center for Responsive Politics",""
"N00004309","Herb Kohl (D-Wis)","276478025","383347994","329913009","2012","S","Center for Responsive Politics",""
"N00002097","Mark Warner (D-Va)","96221316","418742000","257481658","2012","S","Center for Responsive Politics",""
"N00000245","John Kerry (D-Mass)","184659550","288360063","236509806","2012","E","Center for Responsive Politics",""
"N00029127","Jared Polis (D-Colo)","70791412","326599999","198695705","2012","H","Center for Responsive Politics",""
"N00033897","John K. Delaney (D-Md)","65151162","244051998","154601580","2012","H","Center for Responsive Politics",""
"N00026460","Michael McCaul (R-Texas)","102547780","183760040","143153910","2012","H","Center for Responsive Politics",""
"N00033591","Scott Peters (D-Calif)","27518090","197415991","112467040","2012","H","Center for Responsive Politics",""
"N00031685","Richard Blumenthal (D-Conn)","89624354","131229056","110426705","2012","S","Center for Responsive Politics",""
"N00001685","Jay Rockefeller (D-WVa)","63269025","139312004","101290514","2012","S","Center for Responsive Politics",""
"N00007360","Nancy Pelosi (D-Calif)","1046071","174947989","87997030","2012","H","Center for Responsive Politics",""
"N00027626","Vernon Buchanan (R-Fla)","-68149853","233753984","82802065","2012","H","Center for Responsive Politics",""
"N00031539","Diane Black (R-Tenn)","3443087","135694997","69569042","2012","H","Center for Responsive Politics",""
"N00007364","Dianne Feinstein (D-Calif)","42673137","94220020","68446578","2012","S","Center for Responsive Politics",""
"N00001285","Chris Collins (R-NY)","22263037","95946000","59104518","2012","H","Center for Responsive Politics",""
"N00034416","Robert Pittenger (R-NC)","29927054","79655998","54791526","2012","H","Center for Responsive Politics",""
"N00030693","Suzan DelBene (D-Wash)","23908063","84595000","54251531","2012","H","Center for Responsive Politics",""
"N00029441","James E. Risch (R-Idaho)","19125058","87941998","53533528","2012","S","Center for Responsive Politics",""
"N00027441","Bob Corker (R-Tenn)","8675020","89553998","49114509","2012","S","Center for Responsive Politics",""
"N00031629","Rick Berg (R-ND)","24259979","73938849","49099414","2012","H","Center for Responsive Politics",""
"N00006954","Gary Miller (R-Calif)","17813046","75272000","46542523","2012","H","Center for Responsive Politics",""
"N00000684","Rodney Frelinghuysen (R-NJ)","20908191","69897000","45402595","2012","H","Center for Responsive Politics",""
"N00013817","Chellie Pingree (D-Maine)","34418068","46506025","40462046","2012","H","Center for Responsive Politics",""
"N00028418","Alan Grayson (D-Fla)","-2212951","82936999","40362024","2012","H","Center for Responsive Politics",""
"N00031127","Jim Renacci (R-Ohio)","36338760","42930702","39634731","2012","H","Center for Responsive Politics",""
"N00030962","Scott Rigell (R-Va)","14104074","62391000","38247537","2012","H","Center for Responsive Politics",""
"N00031688","John Hoeven (R-ND)","10209077","64021999","37115538","2012","S","Center for Responsive Politics",""
"N00029679","John Fleming (R-La)","11981047","58277000","35129023","2012","H","Center for Responsive Politics",""
"N00001024","Nita M. Lowey (D-NY)","12816023","55765000","34290511","2012","H","Center for Responsive Politics",""
"N00006423","Trent Franks (R-Ariz)","11050005","55319998","33185001","2012","H","Center for Responsive Politics",""
"N00034044","Joe Kennedy III (D-Mass)","15127233","48801997","31964615","2012","H","Center for Responsive Politics",""
"N00000078","Carolyn B. Maloney (D-NY)","7862020","48830996","28346508","2012","H","Center for Responsive Politics",""
"N00030197","Richard Hanna (R-NY)","14367153","41710000","28038576","2012","H","Center for Responsive Politics",""
"N00004426","Tom Petri (R-Wis)","6011023","45265999","25638511","2012","H","Center for Responsive Politics",""
"N00032546","Ron Johnson (R-Wis)","9216014","39668000","24442007","2012","S","Center for Responsive Politics",""
"N00033054","Steven Daines (R-Mont)","9250012","39550000","24400006","2012","H","Center for Responsive Politics",""
"N00008086","Dave Camp (R-Mich)","12180609","36400000","24290304","2012","H","Center for Responsive Politics",""
"N00029617","Kay R. Hagan (D-NC)","-3848388","51987970","24069791","2012","S","Center for Responsive Politics",""
"N00003389","Mitch McConnell (R-Ky)","9195051","36402001","22798526","2012","S","Center for Responsive Politics",""
"N00012672","Steve Pearce (R-NM)","7983015","37245000","22614007","2012","H","Center for Responsive Politics",""
"N00027565","John Campbell (R-Calif)","9351060","34567000","21959030","2012","H","Center for Responsive Politics",""
"N00033101","Brad Schneider (D-Ill)","10026703","33006000","21516351","2012","H","Center for Responsive Politics",""
"N00028073","John A. Yarmuth (D-Ky)","5872051","36529998","21201024","2012","H","Center for Responsive Politics",""
"N00006023","Lloyd Doggett (D-Texas)","10262086","31754999","21008542","2012","H","Center for Responsive Politics",""
"N00027694","Claire McCaskill (D-Mo)","15128202","26810006","20969104","2012","S","Center for Responsive Politics",""
"N00030602","Roger Williams (R-Texas)","5578026","32794996","19186511","2012","H","Center for Responsive Politics",""
"N00004291","F. James Sensenbrenner Jr (R-Wis)","15723191","21393142","18558166","2012","H","Center for Responsive Politics",""
"N00004133","Fred Upton (R-Mich)","8321173","28340000","18330586","2012","H","Center for Responsive Politics",""
"N00004207","Tom Harkin (D-Iowa)","12103118","23975003","18039060","2012","S","Center for Responsive Politics",""
"N00029139","Bill Foster (D-Ill)","6666020","28765000","17715510","2012","H","Center for Responsive Politics",""
"N99999900","Sarah Jewell","6666193","25340000","16003096","2012","E","Center for Responsive Politics",""
"N00026710","Kenny Marchant (R-Texas)","7425337","24465312","15945324","2012","H","Center for Responsive Politics",""
"N00000615","Rosa L. DeLauro (D-Conn)","5349018","26319996","15834507","2012","H","Center for Responsive Politics",""
"N00034580","Angus King (I-Maine)","5342164","26123995","15733079","2012","S","Center for Responsive Politics",""
"N00031593","Jeff Denham (R-Calif)","5310006","26099999","15705002","2012","H","Center for Responsive Politics",""
"N00000019","Hillary Clinton (D-NY)","5195006","25500000","15347503","2012","E","Center for Responsive Politics",""
"N00005329","Ben Nelson (D-Neb)","10211103","19876002","15043552","2012","S","Center for Responsive Politics",""
"N00002593","Johnny Isakson (R-Ga)","7416141","22670000","15043070","2012","S","Center for Responsive Politics",""
"N00000480","Olympia Snowe (R-Maine)","9612055","19584001","14598028","2012","S","Center for Responsive Politics",""
"N00029788","Cynthia Marie Lummis (R-Wyo)","5332023","23487999","14410011","2012","H","Center for Responsive Politics",""
"N00031647","Mike Kelly (R-Pa)","7467140","20660000","14063570","2012","H","Center for Responsive Politics",""
"N00003682","Rob Portman (R-Ohio)","7365124","20483999","13924561","2012","S","Center for Responsive Politics",""
"N00009818","Shelley Berkley (D-Nev)","7011567","20717510","13864538","2012","H","Center for Responsive Politics",""
"N00029018","Tom Rooney (R-Fla)","6706524","17085708","11896116","2012","H","Center for Responsive Politics",""
"N99999898","Ernest Moniz","5367083","18055000","11711041","2012","E","Center for Responsive Politics",""
"N00006424","John McCain (R-Ariz)","7919124","15432001","11675562","2012","S","Center for Responsive Politics",""
"N00002424","Mark Sanford (R-SC)","4495013","18100000","11297506","2012","H","Center for Responsive Politics",""
"N99999924","Ruth Bader Ginsburg","4365012","18095000","11230006","2012","J","Center for Responsive Politics",""
"N99999925","Stephen G. Breyer","5035054","17070000","11052527","2012","J","Center for Responsive Politics",""
"N00006518","Jeff Bingaman (D-NM)","4716063","16968000","10842031","2012","S","Center for Responsive Politics",""
"N00029649","Jackie Speier (D-Calif)","5562078","15270000","10416039","2012","H","Center for Responsive Politics",""
"N00031988","Jon Runyan (R-NJ)","4975047","15820999","10398023","2012","H","Center for Responsive Politics",""
"N00026043","Randy Neugebauer (R-Texas)","5812079","14657998","10235038","2012","H","Center for Responsive Politics",""
"N00003132","Jim Cooper (D-Tenn)","8495313","11941274","10218293","2012","H","Center for Responsive Politics",""
"N00030608","Michael F. Bennet (D-Colo)","4259031","15310000","9784515","2012","S","Center for Responsive Politics",""
"N00031681","David McKinley (R-WVa)","4581085","14780997","9681041","2012","H","Center for Responsive Politics",""
"N00013131","Eric Cantor (R-Va)","4438113","14251999","9345056","2012","H","Center for Responsive Politics",""
"N00031545","Bill Flores (R-Texas)","8189270","9655257","8922263","2012","H","Center for Responsive Politics",""
"N00029016","Al Franken (D-Minn)","4320055","12806000","8563027","2012","S","Center for Responsive Politics",""
"N00031503","Jeff Landry (R-La)","3476017","13369997","8423007","2012","H","Center for Responsive Politics",""
"N00031005","Vicky Hartzler (R-Mo)","2197027","14189995","8193511","2012","H","Center for Responsive Politics",""
"N00030856","John Garamendi (D-Calif)","2934018","13415997","8175007","2012","H","Center for Responsive Politics",""
"N00026160","Tom Price (R-Ga)","5516251","10666235","8091243","2012","H","Center for Responsive Politics",""
"N00006932","David Dreier (R-Calif)","4716027","11264999","7990513","2012","H","Center for Responsive Politics",""
"N00033540","Beto O'Rourke (D-Texas)","-1142926","16629999","7743536","2012","H","Center for Responsive Politics",""
"N00007584","Wally Herger (R-Calif)","2966011","12165000","7565505","2012","H","Center for Responsive Politics",""
"N99999948","Steven Chu","4481047","10115000","7298023","2012","E","Center for Responsive Politics",""
"N00007724","Ron Wyden (D-Ore)","5857046","8731004","7294025","2012","S","Center for Responsive Politics",""
"N00005675","Kay Bailey Hutchison (R-Texas)","4211099","10217000","7214049","2012","S","Center for Responsive Politics",""
"N00031253","Keith J. Rothfus (R-Pa)","4603055","9772000","7187527","2012","H","Center for Responsive Politics",""
"N00031820","Chris Coons (D-Del)","4554493","9753484","7153988","2012","S","Center for Responsive Politics",""
"N00003062","Jeff Sessions (R-Ala)","3399062","10761000","7080031","2012","S","Center for Responsive Politics",""
"N00000423","Charles Bass (R-NH)","3474035","10586000","7030017","2012","H","Center for Responsive Politics",""
"N00033492","Elizabeth Warren (D-Mass)","3820028","10161000","6990514","2012","S","Center for Responsive Politics",""
"N00007727","Earl Blumenauer (D-Ore)","2827036","10790994","6809015","2012","H","Center for Responsive Politics",""
"N00025330","Jo Bonner (R-Ala)","2137025","11435995","6786510","2012","H","Center for Responsive Politics",""
"N00027533","Sheldon Whitehouse (D-RI)","3088206","9849999","6469102","2012","S","Center for Responsive Politics",""
"N00002793","John L. Mica (R-Fla)","3251011","9616000","6433505","2012","H","Center for Responsive Politics",""
"N00032601","Robert L. Turner (R-NY)","6305851","6504848","6405349","2012","H","Center for Responsive Politics",""
"N00009920","Richard C. Shelby (R-Ala)","4962044","7830003","6396023","2012","S","Center for Responsive Politics",""
"N00027509","Scott Tipton (R-Colo)","2864070","9885000","6374535","2012","H","Center for Responsive Politics",""
"N00027655","Heath Shuler (D-NC)","1777029","10557997","6167513","2012","H","Center for Responsive Politics",""
"N00033399","George Holding (R-NC)","3177058","9064998","6121028","2012","H","Center for Responsive Politics",""
"N00033474","Suzanne Bonamici (D-Ore)","2854030","9260000","6057015","2012","H","Center for Responsive Politics",""
"N99999899","Sylvia Burwell","3512079","8554999","6033539","2012","E","Center for Responsive Politics",""
"N99999915","Sonia Sotomayor","1670009","10329999","6000004","2012","J","Center for Responsive Politics",""
"N00029070","Jim Himes (D-Conn)","2688051","9246000","5967025","2012","H","Center for Responsive Politics",""
"N00033410","Markwayne Mullin (R-Okla)","2819030","9063000","5941015","2012","H","Center for Responsive Politics",""
"N00026166","Virginia Foxx (R-NC)","2711031","9065000","5888015","2012","H","Center for Responsive Politics",""
"N00033106","Ann L. Wagner (R-Mo)","3339123","8406999","5873061","2012","H","Center for Responsive Politics",""
"N00034884","William Enyart (D-Ill)","3133130","8449000","5791065","2012","H","Center for Responsive Politics",""
"N00004227","Tom Latham (R-Iowa)","2821724","8656715","5739219","2012","H","Center for Responsive Politics",""
"N00005906","Ron Paul (R)","2376037","9092999","5734518","2012","H","Center for Responsive Politics",""
"N00031557","Dennis Heck (D-Wash)","3519064","7935000","5727032","2012","H","Center for Responsive Politics",""
"N00006236","John A. Barrasso (R-Wyo)","2698016","8649000","5673508","2012","S","Center for Responsive Politics",""
"N00005582","James M. Inhofe (R-Okla)","3897689","7374643","5636166","2012","S","Center for Responsive Politics",""
"N00004645","Denny Rehberg (R-Mont)","-1330988","12459999","5564505","2012","H","Center for Responsive Politics",""
"N00002782","Cliff Stearns (R-Fla)","1978029","9007996","5493012","2012","H","Center for Responsive Politics",""
"N00027526","Jean Schmidt (R-Ohio)","1884056","9046997","5465526","2012","H","Center for Responsive Politics",""
"N00026041","Mike Conaway (R-Texas)","2838116","8072999","5455557","2012","H","Center for Responsive Politics",""
"N00004357","Paul Ryan (R-Wis)","2206097","8605000","5405548","2012","H","Center for Responsive Politics",""
"N00030191","Dina Titus (D-Nev)","2255077","8507000","5381038","2012","H","Center for Responsive Politics",""
"N00001955","Ben Cardin (D-Md)","3164075","7388000","5276037","2012","S","Center for Responsive Politics",""
"N00001783","John D. Dingell (D-Mich)","2883108","7596000","5239554","2012","H","Center for Responsive Politics",""
"N00032838","Joe Manchin (D-WVa)","3118070","7267000","5192535","2012","S","Center for Responsive Politics",""
"N00024866","Madeleine Z. Bordallo (D-Guam)","2145008","8149999","5147503","2012","H","Center for Responsive Politics",""
"N00030717","Ami Bera (D-Calif)","2147078","8109993","5128535","2012","H","Center for Responsive Politics",""
"N00000515","Peter Welch (D-Vt)","2897097","7331000","5114048","2012","H","Center for Responsive Politics",""
"N00002017","Roscoe G. Bartlett (R-Md)","2282016","7930000","5106008","2012","H","Center for Responsive Politics",""
"N00024760","Phil Gingrey (R-Ga)","2458035","7664995","5061515","2012","H","Center for Responsive Politics",""
"N00024790","Jeanne Shaheen (D-NH)","2371070","7701041","5036055","2012","S","Center for Responsive Politics",""
"N00033832","Tom Rice (R-SC)","-14448974","24489992","5020509","2012","H","Center for Responsive Politics",""
"N99999922","John G. Roberts","2805033","6635000","4720016","2012","J","Center for Responsive Politics",""
"N00003845","Dan Coats (R-Ind)","2892037","6455000","4673518","2012","S","Center for Responsive Politics",""
"N00029444","Mike Johanns (R-Neb)","3186034","6043001","4614517","2012","S","Center for Responsive Politics",""
"N00028058","James Webb (D-Va)","1788191","7371998","4580094","2012","S","Center for Responsive Politics",""
"N00029026","Niki Tsongas (D-Mass)","1225045","7874998","4550021","2012","H","Center for Responsive Politics",""
"N00026686","Al Green (D-Texas)","1615012","7399999","4507505","2012","H","Center for Responsive Politics",""
"N00030071","Kurt Schrader (D-Ore)","2470117","6531000","4500558","2012","H","Center for Responsive Politics",""
"N00005301","Chuck Hagel","2865015","6100000","4482507","2012","E","Center for Responsive Politics",""
"N00001811","Lamar Smith (R-Texas)","2450109","6450000","4450054","2012","H","Center for Responsive Politics",""
"N00000781","Frank Pallone Jr (D-NJ)","2164168","6669999","4417083","2012","H","Center for Responsive Politics",""
"N00032457","Austin Scott (R-Ga)","2187788","6631724","4409756","2012","H","Center for Responsive Politics",""
"N00034349","Filemon Vela (D-Texas)","-1303981","10066001","4381010","2012","H","Center for Responsive Politics",""
"N00009922","Harry Reid (D-Nev)","2565061","6178999","4372030","2012","S","Center for Responsive Politics",""
"N00009638","Barack Obama (D)","1852013","6880000","4366006","2012","E","Center for Responsive Politics",""
"N00001148","Carolyn McCarthy (D-NY)","1394099","7238999","4316549","2012","H","Center for Responsive Politics",""
"N00003225","Steve Cohen (D-Tenn)","2215122","6376000","4295561","2012","H","Center for Responsive Politics",""
"N99999926","Samuel A. Alito","2305055","6235000","4270027","2012","J","Center for Responsive Politics",""
"N00035007","David P Joyce (R-Ohio)","2305115","6225000","4265057","2012","H","Center for Responsive Politics",""
"N00028463","Phil Roe (R-Tenn)","3653367","4815356","4234361","2012","H","Center for Responsive Politics",""
"N00033495","Susan Brooks (R-Ind)","1587045","6856000","4221522","2012","H","Center for Responsive Politics",""
"N00012508","Tom Carper (D-Del)","2099140","6316000","4207570","2012","S","Center for Responsive Politics",""
"N00031672","Blake Farenthold (R-Texas)","2309094","6096999","4203046","2012","H","Center for Responsive Politics",""
"N00025726","Tom Cole (R-Okla)","2335067","5901000","4118033","2012","H","Center for Responsive Politics",""
"N00034017","Trey Radel (R-Fla)","1707224","6432000","4069612","2012","H","Center for Responsive Politics",""
"N00031103","Robert Dold (R-Ill)","1531008","6504996","4018002","2012","H","Center for Responsive Politics",""
"N00031782","Tim Scott (R-SC)","1552014","6457999","4005006","2012","S","Center for Responsive Politics",""
"N00003675","John Boehner (R-Ohio)","1914122","5935000","3924561","2012","H","Center for Responsive Politics",""
"N00033217","Elizabeth Esty (D-Conn)","2187079","5660000","3923539","2012","H","Center for Responsive Politics",""
"N00007099","Ken Calvert (R-Calif)","-1899989","9699994","3900002","2012","H","Center for Responsive Politics",""
"N00031412","Mick Mulvaney (R-SC)","1801074","5892998","3847036","2012","H","Center for Responsive Politics",""
"N00026341","Jim Costa (D-Calif)","1133009","6544998","3839003","2012","H","Center for Responsive Politics",""
"N00030026","Blaine Luetkemeyer (R-Mo)","1501006","6115000","3808003","2012","H","Center for Responsive Politics",""
"N00007836","Maria Cantwell (D-Wash)","1423012","6119999","3771505","2012","S","Center for Responsive Politics",""
"N00003473","Hal Rogers (R-Ky)","1695742","5829737","3762739","2012","H","Center for Responsive Politics",""
"N00026080","John Barrow (D-Ga)","1501004","6016000","3758502","2012","H","Center for Responsive Politics",""
"N00009926","Bill Nelson (D-Fla)","1465005","6050000","3757502","2012","S","Center for Responsive Politics",""
"N00007397","Pete Stark (D-Calif)","-19215978","26425998","3605010","2012","H","Center for Responsive Politics",""
"N00013873","John Boozman (R-Ark)","800013","6327999","3564006","2012","S","Center for Responsive Politics",""
"N00013323","Sam Graves (R-Mo)","1232010","5895998","3564004","2012","H","Center for Responsive Politics",""
"N00033782","Heidi Heitkamp (D-ND)","1971074","5094000","3532537","2012","S","Center for Responsive Politics",""
"N00030968","Reid Ribble (R-Wis)","777019","6279999","3528509","2012","H","Center for Responsive Politics",""
"N00034982","David A. Curson (D-Mich)","1198037","5801000","3499518","2012","H","Center for Responsive Politics",""
"N00000143","John W. Olver (D-Mass)","2098029","4871000","3484514","2012","H","Center for Responsive Politics",""
"N00033085","Ted Cruz (R-Texas)","1529049","5409998","3469523","2012","S","Center for Responsive Politics",""
"N00005195","Roy Blunt (R-Mo)","795023","6124998","3460010","2012","S","Center for Responsive Politics",""
"N00033987","Doug LaMalfa (R-Calif)","1282007","5631000","3456503","2012","H","Center for Responsive Politics",""
"N00003467","Ed Whitfield (R-Ky)","1921052","4764999","3343025","2012","H","Center for Responsive Politics",""
"N00004613","Kent Conrad (D-ND)","2080031","4601000","3340515","2012","S","Center for Responsive Politics",""
"N00006692","Barbara Boxer (D-Calif)","1182007","5481000","3331503","2012","S","Center for Responsive Politics",""
"N00027522","Dean Heller (R-Nev)","2865961","3683950","3274955","2012","S","Center for Responsive Politics",""
"N00005601","Tom Coburn (R-Okla)","1268180","5152000","3210090","2012","S","Center for Responsive Politics",""
"N00000179","James P. McGovern (D-Mass)","1107010","5305000","3206005","2012","H","Center for Responsive Politics",""
"N00033091","Patrick E. Murphy (D-Fla)","1034022","5336000","3185011","2012","H","Center for Responsive Politics",""
"N00033055","Kathleen Hochul (D-NY)","1055014","5300000","3177507","2012","H","Center for Responsive Politics",""
"N00002221","Richard Burr (R-NC)","2293365","4021356","3157360","2012","S","Center for Responsive Politics",""
"N00006460","David Schweikert (R-Ariz)","704016","5594997","3149506","2012","H","Center for Responsive Politics",""
"N00001758","Chuck Grassley (R-Iowa)","1638076","4647000","3142538","2012","S","Center for Responsive Politics",""
"N99999921","Antonin Scalia","1865026","4270000","3067513","2012","J","Center for Responsive Politics",""
"N00001579","Allyson Schwartz (D-Pa)","1718050","4371000","3044525","2012","H","Center for Responsive Politics",""
"N00002260","David Price (D-NC)","1599079","4461000","3030039","2012","H","Center for Responsive Politics",""
"N00001489","Pat Toomey (R-Pa)","1726054","4292000","3009027","2012","S","Center for Responsive Politics",""
"N00008274","Loretta Sanchez (D-Calif)","453005","5529997","2991501","2012","H","Center for Responsive Politics",""
"N00000751","Bill Pascrell Jr (D-NJ)","1794039","4188000","2991019","2012","H","Center for Responsive Politics",""
"N00003950","Sander Levin (D-Mich)","2882092","3067090","2974591","2012","H","Center for Responsive Politics",""
"N00030645","Dennis Ross (R-Fla)","-3097996","8999997","2951000","2012","H","Center for Responsive Politics",""
"N00000898","Leonard Lance (R-NJ)","1862017","4031000","2946508","2012","H","Center for Responsive Politics",""
"N00008619","Steven R. Rothman (D-NJ)","1676039","4216000","2946019","2012","H","Center for Responsive Politics",""
"N00004762","Judy Biggert (R-Ill)","1240074","4525999","2883036","2012","H","Center for Responsive Politics",""
"N00006561","Tom Udall (D-NM)","1674044","4088000","2881022","2012","S","Center for Responsive Politics",""
"N00029277","Gary Peters (D-Mich)","1091163","4669000","2880081","2012","H","Center for Responsive Politics",""
"N00000491","Susan Collins (R-Maine)","1181156","4567000","2874078","2012","S","Center for Responsive Politics",""
"N00009869","Orrin G. Hatch (R-Utah)","1474070","4234000","2854035","2012","S","Center for Responsive Politics",""
"N00034041","Thomas Massie (R-Ky)","752003","4929999","2841001","2012","H","Center for Responsive Politics",""
"N00009888","Lamar Alexander (R-Tenn)","-9829946","15417995","2794024","2012","S","Center for Responsive Politics",""
"N00013799","Randy Forbes (R-Va)","-78987","5664995","2793004","2012","H","Center for Responsive Politics",""
"N00007690","Greg Walden (R-Ore)","1682030","3880000","2781015","2012","H","Center for Responsive Politics",""
"N00001311","Louise M. Slaughter (D-NY)","1749020","3810000","2779510","2012","H","Center for Responsive Politics",""
"N00002198","Nick Rahall (D-WVa)","2220593","3331582","2776087","2012","H","Center for Responsive Politics",""
"N00030676","Billy Long (R-Mo)","1073039","4363997","2718518","2012","H","Center for Responsive Politics",""
"N00029147","Andy Harris (R-Md)","1476052","3916000","2696026","2012","H","Center for Responsive Politics",""
"N00029168","Pedro Pierluisi (D-PR)","551003","4840993","2695998","2012","H","Center for Responsive Politics",""
"N00002247","Howard Coble (R-NC)","1711134","3664096","2687615","2012","H","Center for Responsive Politics",""
"N99999912","Leon E Panetta","1393034","3919999","2656516","2012","E","Center for Responsive Politics",""
"N00000860","Rush Holt (D-NJ)","1113020","4194998","2654009","2012","H","Center for Responsive Politics",""
"N00033904","Joyce Beatty (D-Ohio)","1605033","3678000","2641516","2012","H","Center for Responsive Politics",""
"N00003328","Thad Cochran (R-Miss)","1392070","3875000","2633535","2012","S","Center for Responsive Politics",""
"N00006263","Mike Simpson (R-Idaho)","2014792","3127784","2571288","2012","H","Center for Responsive Politics",""
"N00028139","Mazie K. Hirono (D-Hawaii)","1448047","3658999","2553523","2012","S","Center for Responsive Politics",""
"N00008094","Howard L. Berman (D-Calif)","2452479","2637477","2544978","2012","H","Center for Responsive Politics",""
"N00030815","Chuck Fleischmann (R-Tenn)","1996004","3059996","2528000","2012","H","Center for Responsive Politics",""
"N00024759","Mike D. Rogers (R-Ala)","1571022","3465000","2518011","2012","H","Center for Responsive Politics",""
"N00007312","Sam Farr (D-Calif)","1504033","3435000","2469516","2012","H","Center for Responsive Politics",""
"N00004874","Luis V. Gutierrez (D-Ill)","1147099","3781000","2464049","2012","H","Center for Responsive Politics",""
"N00002893","Lois J. Frankel (D-Fla)","666274","4256000","2461137","2012","H","Center for Responsive Politics",""
"N00002656","Jack Kingston (R-Ga)","1927417","2940407","2433912","2012","H","Center for Responsive Politics",""
"N00003028","Robert B. Aderholt (R-Ala)","-472981","5330998","2429008","2012","H","Center for Responsive Politics",""
"N00033310","Brad Wenstrup (R-Ohio)","1411042","3416000","2413521","2012","H","Center for Responsive Politics",""
"N00027514","Kathy Castor (D-Fla)","1369046","3438000","2403523","2012","H","Center for Responsive Politics",""
"N00012739","Ander Crenshaw (R-Fla)","1497013","3280000","2388506","2012","H","Center for Responsive Politics",""
"N00030600","Judy Chu (D-Calif)","1175040","3599999","2387519","2012","H","Center for Responsive Politics",""
"N00027239","Daniel Lipinski (D-Ill)","1280053","3425000","2352526","2012","H","Center for Responsive Politics",""
"N00009154","Bob Goodlatte (R-Va)","1366041","3241000","2303520","2012","H","Center for Responsive Politics",""
"N00025881","Colleen Hanabusa (D-Hawaii)","1444017","3111000","2277508","2012","H","Center for Responsive Politics",""
"N00012233","Robert E. Latta (R-Ohio)","1280040","3250000","2265020","2012","H","Center for Responsive Politics",""
"N00031934","Dan Benishek (R-Mich)","1217057","3281000","2249028","2012","H","Center for Responsive Politics",""
"N00007419","Mike Thompson (D-Calif)","1161012","3314999","2238005","2012","H","Center for Responsive Politics",""
"N00026481","Dan Boren (D-Okla)","1110036","3285998","2198017","2012","H","Center for Responsive Politics",""
"N00034547","Grace Meng (D-NY)","981046","3247998","2114522","2012","H","Center for Responsive Politics",""
"N00005645","Ralph M. Hall (R-Texas)","1200006","2984998","2092502","2012","H","Center for Responsive Politics",""
"N00025495","Lou Barletta (R-Pa)","751091","3415998","2083544","2012","H","Center for Responsive Politics",""
"N00007335","Anna Eshoo (D-Calif)","1281011","2866000","2073505","2012","H","Center for Responsive Politics",""
"N00009724","Jim Langevin (D-RI)","693030","3359997","2026513","2012","H","Center for Responsive Politics",""
"N00009604","Susan A. Davis (D-Calif)","853049","3194999","2024024","2012","H","Center for Responsive Politics",""
"N00030875","Ann Mclane Kuster (D-NH)","1699083","2240076","1969579","2012","H","Center for Responsive Politics",""
"N00000616","Joe Lieberman (D-Conn)","952072","2982000","1967036","2012","S","Center for Responsive Politics",""
"N00031623","Chip Cravaack (R-Minn)","1206020","2717000","1961510","2012","H","Center for Responsive Politics",""
"N00024922","Jeb Hensarling (R-Texas)","1159033","2735000","1947016","2012","H","Center for Responsive Politics",""
"N00006134","Diana DeGette (D-Colo)","837026","2964998","1901012","2012","H","Center for Responsive Politics",""
"N00001692","Eleanor Holmes Norton (D-DC)","1017042","2756000","1886521","2012","H","Center for Responsive Politics",""
"N00031011","Bill Owens (D-NY)","1182009","2480000","1831004","2012","H","Center for Responsive Politics",""
"N00029285","Pete Olson (R-Texas)","1023034","2620000","1821517","2012","H","Center for Responsive Politics",""
"N00000964","Charles B. Rangel (D-NY)","1128015","2495000","1811507","2012","H","Center for Responsive Politics",""
"N00009753","Jim Matheson (D-Utah)","1006027","2590000","1798013","2012","H","Center for Responsive Politics",""
"N00005395","Mary L. Landrieu (D-La)","894018","2695997","1795007","2012","S","Center for Responsive Politics",""
"N00008051","Mark Udall (D-Colo)","887057","2682000","1784528","2012","S","Center for Responsive Politics",""
"N00025482","Dutch Ruppersberger (D-Md)","1019022","2544999","1782010","2012","H","Center for Responsive Politics",""
"N00029891","Gerry Connolly (D-Va)","490048","3039994","1765021","2012","H","Center for Responsive Politics",""
"N00009774","Xavier Becerra (D-Calif)","705062","2800998","1753030","2012","H","Center for Responsive Politics",""
"N00033220","Ted Yoho (R-Fla)","970359","2503347","1736853","2012","H","Center for Responsive Politics",""
"N00031933","Bill Keating (D-Mass)","875049","2556999","1716024","2012","H","Center for Responsive Politics",""
"N00007479","Zoe Lofgren (D-Calif)","856047","2565000","1710523","2012","H","Center for Responsive Politics",""
"N00005285","Pat Roberts (R-Kan)","850029","2540999","1695514","2012","S","Center for Responsive Politics",""
"N00006981","Brian P. Bilbray (R-Calif)","1547592","1842584","1695088","2012","H","Center for Responsive Politics",""
"N00033274","Alan Lowenthal (D-Calif)","816008","2571951","1693979","2012","H","Center for Responsive Politics",""
"N00024874","Dennis Cardoza (D-Calif)","741021","2625998","1683509","2012","H","Center for Responsive Politics",""
"N00001691","Carl Levin (D-Mich)","1027014","2331000","1679007","2012","S","Center for Responsive Politics",""
"N00027035","G. K. Butterfield (D-NC)","-20967","3340988","1660010","2012","H","Center for Responsive Politics",""
"N00005681","Pete Sessions (R-Texas)","735060","2561999","1648529","2012","H","Center for Responsive Politics",""
"N00001619","Robert A. Brady (D-Pa)","1080007","2201000","1640503","2012","H","Center for Responsive Politics",""
"N00009659","David Vitter (R-La)","830055","2436000","1633027","2012","S","Center for Responsive Politics",""
"N00000267","Michael E. Capuano (D-Mass)","507039","2716997","1612018","2012","H","Center for Responsive Politics",""
"N00004558","Collin Peterson (D-Minn)","544020","2659997","1602008","2012","H","Center for Responsive Politics",""
"N00000010","Dan Burton (R-Ind)","954019","2235000","1594509","2012","H","Center for Responsive Politics",""
"N00030245","Bill Cassidy (R-La)","777060","2407000","1592030","2012","H","Center for Responsive Politics",""
"N00031128","Bob Gibbs (R-Ohio)","722052","2424998","1573525","2012","H","Center for Responsive Politics",""
"N00005559","Frank D. Lucas (R-Okla)","684012","2444997","1564504","2012","H","Center for Responsive Politics",""
"N00000270","Ed Markey (D-Mass)","883025","2221000","1552012","2012","H","Center for Responsive Politics",""
"N00031938","Justin Amash (R-Mich)","890026","2200000","1545013","2012","H","Center for Responsive Politics",""
"N00012890","Timothy Johnson (R-Ill)","861024","2215000","1538012","2012","H","Center for Responsive Politics",""
"N00025219","Michael Burgess (R-Texas)","740078","2312999","1526538","2012","H","Center for Responsive Politics",""
"N00031174","Scott Brown (R-Mass)","637030","2329998","1483514","2012","S","Center for Responsive Politics",""
"N99999916","Elena Kagan","815019","2145000","1480009","2012","J","Center for Responsive Politics",""
"N00034254","Julia Brownley (D-Calif)","355023","2600999","1478011","2012","H","Center for Responsive Politics",""
"N00030752","Jeff Duncan (R-SC)","530019","2419995","1475007","2012","H","Center for Responsive Politics",""
"N00027459","Doris O. Matsui (D-Calif)","857018","2031000","1444009","2012","H","Center for Responsive Politics",""
"N00029901","Mark Begich (D-Alaska)","-385948","3215995","1415023","2012","S","Center for Responsive Politics",""
"N00006397","Ed Pastor (D-Ariz)","863012","1945000","1404006","2012","H","Center for Responsive Politics",""
"N00033177","Tim Kaine (D-Va)","713048","2045000","1379024","2012","S","Center for Responsive Politics",""
"N00029675","Brett Guthrie (R-Ky)","811030","1946000","1378515","2012","H","Center for Responsive Politics",""
"N00009795","Candice S. Miller (R-Mich)","584664","2154650","1369657","2012","H","Center for Responsive Politics",""
"N00000226","John F. Tierney (D-Mass)","575010","2149998","1362504","2012","H","Center for Responsive Politics",""
"N99999911","Jacob Lew","809019","1910000","1359509","2012","E","Center for Responsive Politics",""
"N00003813","Pete Visclosky (D-Ind)","770023","1926000","1348011","2012","H","Center for Responsive Politics",""
"N00004981","Dick Durbin (D-Ill)","970749","1719742","1345245","2012","S","Center for Responsive Politics",""
"N00025413","Timothy H. Bishop (D-NY)","853009","1830999","1342004","2012","H","Center for Responsive Politics",""
"N00007231","Elton Gallegly (R-Calif)","-272979","2954995","1341008","2012","H","Center for Responsive Politics",""
"N00009771","Shelley Moore Capito (R-WVa)","132064","2526997","1329530","2012","H","Center for Responsive Politics",""
"N00026314","Cathy McMorris Rodgers (R-Wash)","392019","2244998","1318508","2012","H","Center for Responsive Politics",""
"N00026050","Lisa Murkowski (R-Alaska)","535041","2074999","1305020","2012","S","Center for Responsive Politics",""
"N00029303","Jeff Merkley (D-Ore)","79024","2471996","1275510","2012","S","Center for Responsive Politics",""
"N99999918","Clarence Thomas","730015","1805000","1267507","2012","J","Center for Responsive Politics",""
"N00030836","Rand Paul (R-Ky)","614037","1810000","1212018","2012","S","Center for Responsive Politics",""
"N00010084","Tim Johnson (D-SD)","550044","1853000","1201522","2012","S","Center for Responsive Politics",""
"N00001861","Henry A. Waxman (D-Calif)","667021","1731000","1199010","2012","H","Center for Responsive Politics",""
"N00027493","Michele Bachmann (R-Minn)","67016","2304998","1186007","2012","H","Center for Responsive Politics",""
"N00007021","Juan Vargas (D-Calif)","477011","1879999","1178505","2012","H","Center for Responsive Politics",""
"N00029260","Ann Kirkpatrick (D-Ariz)","693015","1645000","1169007","2012","H","Center for Responsive Politics",""
"N00027605","Jon Tester (D-Mont)","766004","1565000","1165502","2012","S","Center for Responsive Politics",""
"N00032441","Richard Nugent (R-Fla)","563012","1745999","1154505","2012","H","Center for Responsive Politics",""
"N00033981","Ron Barber (D-Ariz)","406021","1881942","1143981","2012","H","Center for Responsive Politics",""
"N00001082","Edolphus Towns (D-NY)","705014","1576000","1140507","2012","H","Center for Responsive Politics",""
"N00013770","Bill Shuster (R-Pa)","613028","1659999","1136513","2012","H","Center for Responsive Politics",""
"N00009157","Doc Hastings (R-Wash)","681013","1590000","1135506","2012","H","Center for Responsive Politics",""
"N00007781","Peter DeFazio (D-Ore)","346021","1910996","1128508","2012","H","Center for Responsive Politics",""
"N00031227","Larry Bucshon (R-Ind)","1105978","1141976","1123977","2012","H","Center for Responsive Politics",""
"N00031958","Steven Palazzo (R-Miss)","607025","1639999","1123512","2012","H","Center for Responsive Politics",""
"N00005818","Sheila Jackson Lee (D-Texas)","482021","1757996","1120008","2012","H","Center for Responsive Politics",""
"N00009585","Adam Schiff (D-Calif)","568026","1670000","1119013","2012","H","Center for Responsive Politics",""
"N00034128","Matt Cartwright (D-Pa)","-2483962","4694998","1105518","2012","H","Center for Responsive Politics",""
"N00021207","Rick Nolan (D-Minn)","696008","1515000","1105504","2012","H","Center for Responsive Politics",""
"N00013846","Jeff Miller (R-Fla)","557009","1624997","1091003","2012","H","Center for Responsive Politics",""
"N00000275","Barney Frank (D-Mass)","840002","1340001","1090001","2012","H","Center for Responsive Politics",""
"N00004956","Jerry F. Costello (D-Ill)","680005","1450000","1065002","2012","H","Center for Responsive Politics",""
"N00034277","Sean Patrick Maloney (D-NY)","126017","1969994","1048005","2012","H","Center for Responsive Politics",""
"N00030490","Marcia L. Fudge (D-Ohio)","607013","1456000","1031506","2012","H","Center for Responsive Politics",""
"N00030891","Marlin Stutzman (R-Ind)","314021","1747996","1031008","2012","H","Center for Responsive Politics",""
"N00009699","Patrick J. Tiberi (R-Ohio)","458031","1570999","1014515","2012","H","Center for Responsive Politics",""
"N00029574","Steve Stivers (R-Ohio)","480038","1526000","1003019","2012","H","Center for Responsive Politics",""
"N00033631","Mark R. Meadows (R-NC)","323021","1677999","1000510","2012","H","Center for Responsive Politics",""
"N00029459","Rob Wittman (R-Va)","257029","1741998","999513","2012","H","Center for Responsive Politics",""
"N00030771","Paul Gosar (R-Ariz)","515003","1449999","982501","2012","H","Center for Responsive Politics",""
"N00006897","Brad Sherman (D-Calif)","16","1961998","981007","2012","H","Center for Responsive Politics",""
"N00007653","Daniel K. Akaka (D-Hawaii)","617006","1334000","975503","2012","S","Center for Responsive Politics",""
"N00032019","David Cicilline (D-RI)","502004","1429999","966001","2012","H","Center for Responsive Politics",""
"N00012611","Mike Honda (D-Calif)","583010","1345000","964005","2012","H","Center for Responsive Politics",""
"N00030980","Kelly Ayotte (R-NH)","436015","1489999","963007","2012","S","Center for Responsive Politics",""
"N00030910","Mo Brooks (R-Ala)","425047","1500000","962523","2012","H","Center for Responsive Politics",""
"N00008799","Kay Granger (R-Texas)","316014","1599997","958005","2012","H","Center for Responsive Politics",""
"N00030650","Frederica Wilson (D-Fla)","563011","1345000","954005","2012","H","Center for Responsive Politics",""
"N00030768","Martha Roby (R-Ala)","502023","1395000","948511","2012","H","Center for Responsive Politics",""
"N00006249","Mike Enzi (R-Wyo)","345057","1531000","938028","2012","S","Center for Responsive Politics",""
"N00002328","Melvin L. Watt (D-NC)","444041","1414000","929020","2012","H","Center for Responsive Politics",""
"N00001971","Elijah E. Cummings (D-Md)","-140986","1970995","915004","2012","H","Center for Responsive Politics",""
"N00004208","Leonard Boswell (D-Iowa)","600003","1200000","900001","2012","H","Center for Responsive Politics",""
"N00001633","Joe Pitts (R-Pa)","562008","1230000","896004","2012","H","Center for Responsive Politics",""
"N99999896","William Cowan (D-Mass)","398026","1377998","888012","2012","S","Center for Responsive Politics",""
"N00031723","Ben Quayle (R-Ariz)","188089","1570000","879044","2012","H","Center for Responsive Politics",""
"N00034120","Scott Perry (R-Pa)","377020","1379998","878509","2012","H","Center for Responsive Politics",""
"N00030673","Bill Huizenga (R-Mich)","491017","1266000","878508","2012","H","Center for Responsive Politics",""
"N00007087","Jerry Lewis (R-Calif)","445009","1299999","872504","2012","H","Center for Responsive Politics",""
"N00007999","Don Young (R-Alaska)","495008","1250000","872504","2012","H","Center for Responsive Politics",""
"N00006267","Mike Crapo (R-Idaho)","215019","1528999","872009","2012","S","Center for Responsive Politics",""
"N00034224","Paul Cook (R-Calif)","529016","1212000","870508","2012","H","Center for Responsive Politics",""
"N00024978","Henry Cuellar (D-Texas)","200015","1509998","855006","2012","H","Center for Responsive Politics",""
"N00004719","Peter Roskam (R-Ill)","324050","1385000","854525","2012","H","Center for Responsive Politics",""
"N00007876","Patty Murray (D-Wash)","350019","1349998","850008","2012","S","Center for Responsive Politics",""
"N00027464","Bruce Braley (D-Iowa)","233073","1446000","839536","2012","H","Center for Responsive Politics",""
"N00033539","Randy Weber (R-Texas)","401005","1264999","833002","2012","H","Center for Responsive Politics",""
"N00005282","Jerry Moran (R-Kan)","414019","1238000","826009","2012","S","Center for Responsive Politics",""
"N00000826","Robert E. Andrews (D-NJ)","483008","1145000","814004","2012","H","Center for Responsive Politics",""
"N00027500","Amy Klobuchar (D-Minn)","400028","1225000","812514","2012","S","Center for Responsive Politics",""
"N00026591","Ben Chandler (D-Ky)","456015","1167000","811507","2012","H","Center for Responsive Politics",""
"N00004367","Tammy Baldwin (D-Wis)","517004","1080000","798502","2012","S","Center for Responsive Politics",""
"N00006690","Maxine Waters (D-Calif)","-3762984","5340997","789006","2012","H","Center for Responsive Politics",""
"N00028958","Jason Chaffetz (R-Utah)","140016","1436997","788506","2012","H","Center for Responsive Politics",""
"N00004905","Don Manzullo (R-Ill)","207043","1347999","777521","2012","H","Center for Responsive Politics",""
"N00033549","Mark Pocan (D-Wis)","467005","1064999","766002","2012","H","Center for Responsive Politics",""
"N00008122","Eddie Bernice Johnson (D-Texas)","502003","1030000","766001","2012","H","Center for Responsive Politics",""
"N00031317","Ted Deutch (D-Fla)","394022","1135000","764511","2012","H","Center for Responsive Politics",""
"N00024871","David Scott (D-Ga)","351003","1164999","758001","2012","H","Center for Responsive Politics",""
"N00026586","Joe Donnelly (D-Ind)","157010","1340998","749004","2012","S","Center for Responsive Politics",""
"N00007068","Mary Bono Mack (R-Calif)","320034","1176000","748017","2012","H","Center for Responsive Politics",""
"N00031741","Todd Rokita (R-Ind)","-22951","1505996","741522","2012","H","Center for Responsive Politics",""
"N00030788","Tom Graves (R-Ga)","288015","1169999","729007","2012","H","Center for Responsive Politics",""
"N00024992","Tim Murphy (R-Pa)","242049","1183000","712524","2012","H","Center for Responsive Politics",""
"N00001093","Charles E. Schumer (D-NY)","369017","1035000","702008","2012","S","Center for Responsive Politics",""
"N00024852","John Cornyn (R-Texas)","310023","1086999","698511","2012","S","Center for Responsive Politics",""
"N00029662","Bill Posey (R-Fla)","234013","1161999","698006","2012","H","Center for Responsive Politics",""
"N00009975","Lindsey Graham (R-SC)","298007","1095999","697003","2012","S","Center for Responsive Politics",""
"N00026595","Charles W. Boustany Jr (R-La)","613772","776765","695268","2012","H","Center for Responsive Politics",""
"N00027510","Edwin G. Perlmutter (D-Colo)","402027","969000","685513","2012","H","Center for Responsive Politics",""
"N00026790","Emanuel Cleaver (D-Mo)","348012","1019999","684005","2012","H","Center for Responsive Politics",""
"N00003689","Steve Chabot (R-Ohio)","308028","1045000","676514","2012","H","Center for Responsive Politics",""
"N00007033","Bob Filner (D-Calif)","339016","1011000","675008","2012","H","Center for Responsive Politics",""
"N00013855","Stephen F. Lynch (D-Mass)","12018","1333998","673008","2012","H","Center for Responsive Politics",""
"N00033541","Pete Gallego (D-Texas)","58018","1273997","666007","2012","H","Center for Responsive Politics",""
"N00006406","Jon L. Kyl (R-Ariz)","620529","704526","662527","2012","S","Center for Responsive Politics",""
"N00003280","Roger Wicker (R-Miss)","84018","1236999","660508","2012","S","Center for Responsive Politics",""
"N00004961","John M. Shimkus (R-Ill)","112010","1204998","658504","2012","H","Center for Responsive Politics",""
"N00033625","Kerry Bentivolio (R-Mich)","277032","1031000","654016","2012","H","Center for Responsive Politics",""
"N00033390","Cheri Bustos (D-Ill)","291025","1016000","653512","2012","H","Center for Responsive Politics",""
"N00007390","George Miller (D-Calif)","257010","1045999","651504","2012","H","Center for Responsive Politics",""
"N00003288","Bennie G. Thompson (D-Miss)","287029","1007000","647014","2012","H","Center for Responsive Politics",""
"N00027664","Jason Altmire (D-Pa)","384012","910000","647006","2012","H","Center for Responsive Politics",""
"N00003535","Sherrod Brown (D-Ohio)","383007","895000","639003","2012","S","Center for Responsive Politics",""
"N00000133","Donna Christian-Christensen (D-VI)","336003","939998","638000","2012","H","Center for Responsive Politics",""
"N00030801","Frank Guinta (R-NH)","-194983","1469996","637506","2012","H","Center for Responsive Politics",""
"N00008091","Spencer Bachus (R-Ala)","168016","1094998","631507","2012","H","Center for Responsive Politics",""
"N00027901","Betty Sue Sutton (D-Ohio)","330023","927000","628511","2012","H","Center for Responsive Politics",""
"N00005090","Jo Ann Emerson (R-Mo)","251005","999997","625501","2012","H","Center for Responsive Politics",""
"N00031006","Alan Nunnelee (R-Miss)","365011","875000","620005","2012","H","Center for Responsive Politics",""
"N00027741","David Loebsack (D-Iowa)","298018","922000","610009","2012","H","Center for Responsive Politics",""
"N00005960","Charlie A. Gonzalez (D-Texas)","132009","1085996","609002","2012","H","Center for Responsive Politics",""
"N00000362","Jack Reed (D-RI)","187046","1030000","608523","2012","S","Center for Responsive Politics",""
"N00007918","Norm Dicks (D-Wash)","382007","830000","606003","2012","H","Center for Responsive Politics",""
"N00009677","Todd Akin (R-Mo)","330019","876000","603009","2012","H","Center for Responsive Politics",""
"N00031204","Steve Southerland (R-Fla)","1005","1166998","584001","2012","H","Center for Responsive Politics",""
"N00032014","Mark Critz (D-Pa)","283015","870000","576507","2012","H","Center for Responsive Politics",""
"N00030957","Scott Desjarlais (R-Tenn)","221014","909997","565505","2012","H","Center for Responsive Politics",""
"N00029391","Erik Paulsen (R-Minn)","250030","879000","564515","2012","H","Center for Responsive Politics",""
"N00003105","Marsha Blackburn (R-Tenn)","261024","842000","551512","2012","H","Center for Responsive Politics",""
"N00030736","John Carney (D-Del)","211029","890000","550514","2012","H","Center for Responsive Politics",""
"N00027503","Bob Casey (D-Pa)","257017","832000","544508","2012","S","Center for Responsive Politics",""
"N00029273","Aaron Schock (R-Ill)","-114911","1185085","535087","2012","H","Center for Responsive Politics",""
"N00000851","Frank A. LoBiondo (R-NJ)","81025","968999","525012","2012","H","Center for Responsive Politics",""
"N00005870","Gene Green (D-Texas)","295006","750000","522503","2012","H","Center for Responsive Politics",""
"N00004643","Max Baucus (D-Mont)","151003","887998","519500","2012","S","Center for Responsive Politics",""
"N99999923","Anthony M. Kennedy","330004","700000","515002","2012","J","Center for Responsive Politics",""
"N00007632","Eni F. H. Faleomavaega (D-AS)","181021","839999","510510","2012","H","Center for Responsive Politics",""
"N00026627","Patrick McHenry (R-NC)","145014","874998","510006","2012","H","Center for Responsive Politics",""
"N00024770","Mike Michaud (D-Maine)","243021","772000","507510","2012","H","Center for Responsive Politics",""
"N00001469","Tim Holden (D-Pa)","285013","727000","506006","2012","H","Center for Responsive Politics",""
"N00030949","Tom Reed (R-NY)","220010","774999","497504","2012","H","Center for Responsive Politics",""
"N00027860","Tammy Duckworth (D-Ill)","25054","965998","495526","2012","H","Center for Responsive Politics",""
"N00002073","Frank R. Wolf (R-Va)","449457","533451","491454","2012","H","Center for Responsive Politics",""
"N00000699","Robert Menendez (D-NJ)","266005","714999","490502","2012","S","Center for Responsive Politics",""
"N00006806","Janice Hahn (D-Calif)","296005","665000","480502","2012","H","Center for Responsive Politics",""
"N00035267","Cory Booker (D-NJ)","222018","730000","476009","2012","S","Center for Responsive Politics",""
"N00001373","Mike Doyle (D-Pa)","215003","734998","475000","2012","H","Center for Responsive Politics",""
"N00026335","Daniel Webster (R-Fla)","256009","690000","473004","2012","H","Center for Responsive Politics",""
"N00001764","Richard G. Lugar (R-Ind)","74015","870998","472506","2012","S","Center for Responsive Politics",""
"N00026722","Francisco Canseco (R-Texas)","-205964","1144997","469516","2012","H","Center for Responsive Politics",""
"N00024842","Joe Courtney (D-Conn)","157031","780000","468515","2012","H","Center for Responsive Politics",""
"N00002408","James E. Clyburn (D-SC)","210022","727000","468511","2012","H","Center for Responsive Politics",""
"N00012546","Luke Messer (R-Ind)","76036","859998","468017","2012","H","Center for Responsive Politics",""
"N00002858","Ileana Ros-Lehtinen (R-Fla)","302005","631000","466502","2012","H","Center for Responsive Politics",""
"N00004070","Dale E. Kildee (D-Mich)","266005","665000","465502","2012","H","Center for Responsive Politics",""
"N00009829","Jim McDermott (D-Wash)","436527","485525","461026","2012","H","Center for Responsive Politics",""
"N00032088","Bill Johnson (R-Ohio)","152047","769000","460523","2012","H","Center for Responsive Politics",""
"N00000528","Bernie Sanders (I-Vt)","116014","804998","460506","2012","S","Center for Responsive Politics",""
"N00026171","Charlie Dent (R-Pa)","130051","787000","458525","2012","H","Center for Responsive Politics",""
"N00033030","Jared Huffman (D-Calif)","207020","707000","457010","2012","H","Center for Responsive Politics",""
"N00001945","Barbara A. Mikulski (D-Md)","227016","682000","454508","2012","S","Center for Responsive Politics",""
"N00005883","Kevin Brady (R-Texas)","197026","710000","453513","2012","H","Center for Responsive Politics",""
"N00006052","Mac Thornberry (R-Texas)","270007","625000","447503","2012","H","Center for Responsive Politics",""
"N00026457","Ted Poe (R-Texas)","237012","655000","446006","2012","H","Center for Responsive Politics",""
"N00027462","Gus Bilirakis (R-Fla)","140036","751000","445518","2012","H","Center for Responsive Politics",""
"N00007248","Devin Nunes (R-Calif)","252005","630000","441002","2012","H","Center for Responsive Politics",""
"N00027229","Michael G. Fitzpatrick (R-Pa)","128037","745000","436518","2012","H","Center for Responsive Politics",""
"N00029400","Michelle Lujan Grisham (D-NM)","200004","669998","435001","2012","H","Center for Responsive Politics",""
"N00029077","Lynn Jenkins (R-Kan)","196014","665000","430507","2012","H","Center for Responsive Politics",""
"N00024809","Joe Wilson (R-SC)","-838989","1694989","428000","2012","H","Center for Responsive Politics",""
"N00004614","Kevin Cramer (R-ND)","182022","657000","419511","2012","H","Center for Responsive Politics",""
"N00001817","C. W. Bill Young (R-Fla)","266003","565000","415501","2012","H","Center for Responsive Politics",""
"N00033932","Chris Stewart (R-Utah)","266003","565000","415501","2012","H","Center for Responsive Politics",""
"N00033281","Tulsi Gabbard (D-Hawaii)","45014","776998","411006","2012","H","Center for Responsive Politics",""
"N00004403","Ron Kind (D-Wis)","213009","595000","404004","2012","H","Center for Responsive Politics",""
"N00029908","Joe Garcia (D-Fla)","220009","575000","397504","2012","H","Center for Responsive Politics",""
"N00008264","Ed Royce (R-Calif)","166019","615000","390509","2012","H","Center for Responsive Politics",""
"N00004436","John Kline (R-Minn)","230005","550000","390002","2012","H","Center for Responsive Politics",""
"N00004572","John Thune (R-SD)","173019","596000","384509","2012","S","Center for Responsive Politics",""
"N00030612","Marco Rubio (R-Fla)","9019","759999","384509","2012","S","Center for Responsive Politics",""
"N00026926","Jerry McNerney (D-Calif)","251004","517000","384002","2012","H","Center for Responsive Politics",""
"N00012539","Mark Kirk (R-Ill)","251002","515000","383001","2012","S","Center for Responsive Politics",""
"N00007458","Lynn Woolsey (D-Calif)","178010","585000","381505","2012","H","Center for Responsive Politics",""
"N00026885","Dave Reichert (R-Wash)","210006","550000","380003","2012","H","Center for Responsive Politics",""
"N00005181","Russ Carnahan (D-Mo)","237003","520000","378501","2012","H","Center for Responsive Politics",""
"N00004887","Bobby L. Rush (D-Ill)","250001","500000","375000","2012","H","Center for Responsive Politics",""
"N00025095","John Carter (R-Texas)","100002","649999","375000","2012","H","Center for Responsive Politics",""
"N00026425","Connie Mack (R-Fla)","-179966","925999","373016","2012","H","Center for Responsive Politics",""
"N00001143","Gary Ackerman (D-NY)","141017","601999","371508","2012","H","Center for Responsive Politics",""
"N00003522","Marcy Kaptur (D-Ohio)","170017","551000","360508","2012","H","Center for Responsive Politics",""
"N00003209","John J. Duncan Jr (R-Tenn)","151018","565000","358009","2012","H","Center for Responsive Politics",""
"N00007833","Adam Smith (D-Wash)","199010","510000","354505","2012","H","Center for Responsive Politics",""
"N00025237","Steven A. King (R-Iowa)","155015","551000","353007","2012","H","Center for Responsive Politics",""
"N00008046","Barbara Lee (D-Calif)","136015","568999","352507","2012","H","Center for Responsive Politics",""
"N00009668","Mike Rogers (R-Mich)","111016","590999","351007","2012","H","Center for Responsive Politics",""
"N00031877","Karen Bass (D-Calif)","195006","501000","348003","2012","H","Center for Responsive Politics",""
"N00031233","Andy Barr (R-Ky)","132024","560000","346012","2012","H","Center for Responsive Politics",""
"N00006671","Lucille Roybal-Allard (D-Calif)","170010","516000","343005","2012","H","Center for Responsive Politics",""
"N00029161","John A. Boccieri (D-Ohio)","103060","579000","341030","2012","H","Center for Responsive Politics",""
"N00031945","Hansen Clarke (D-Mich)","197008","480000","338504","2012","H","Center for Responsive Politics",""
"N00025093","Brad Miller (D-NC)","52038","605000","328519","2012","H","Center for Responsive Politics",""
"N00001193","Pete King (R-NY)","200003","450000","325001","2012","H","Center for Responsive Politics",""
"N00024753","Mike Coffman (R-Colo)","203007","445000","324003","2012","H","Center for Responsive Politics",""
"N00028138","Brian Schatz (D-Hawaii)","135016","504000","319508","2012","S","Center for Responsive Politics",""
"N00009759","Rick Larsen (D-Wash)","143017","495000","319008","2012","H","Center for Responsive Politics",""
"N00002299","Walter B. Jones Jr (R-NC)","139014","487000","313007","2012","H","Center for Responsive Politics",""
"N00009586","Hilda L. Solis (D-Calif)","116006","504999","310502","2012","E","Center for Responsive Politics",""
"N00031401","Michael Grimm (R-NY)","-99999","719997","309999","2012","H","Center for Responsive Politics",""
"N00031244","Joe Heck (R-Nev)","99010","510999","305004","2012","H","Center for Responsive Politics",""
"N00031857","Steve Womack (R-Ark)","149008","460000","304504","2012","H","Center for Responsive Politics",""
"N00027649","Tim Huelskamp (R-Kan)","138011","470000","304005","2012","H","Center for Responsive Politics",""
"N00028986","Paul Broun (R-Ga)","127014","480000","303507","2012","H","Center for Responsive Politics",""
"N00033518","Doug Collins (R-Ga)","102004","499998","301001","2012","H","Center for Responsive Politics",""
"N00033373","Tony Cardenas (D-Calif)","95015","501999","298507","2012","H","Center for Responsive Politics",""
"N00030744","Mike Pompeo (R-Kan)","121022","471000","296011","2012","H","Center for Responsive Politics",""
"N00001127","Joseph Crowley (D-NY)","88027","497000","292513","2012","H","Center for Responsive Politics",""
"N00027658","Kirsten Gillibrand (D-NY)","166004","416000","291002","2012","S","Center for Responsive Politics",""
"N00026163","Lynn A. Westmoreland (R-Ga)","-947994","1529997","291001","2012","H","Center for Responsive Politics",""
"N00025464","Rodney Alexander (R-La)","-133994","714998","290502","2012","H","Center for Responsive Politics",""
"N00033363","Tom Cotton (R-Ark)","165003","400000","282501","2012","H","Center for Responsive Politics",""
"N00000743","Scott Garrett (R-NJ)","148011","398000","273005","2012","H","Center for Responsive Politics",""
"N00031226","Jackie Walorski (R-Ind)","110013","426000","268006","2012","H","Center for Responsive Politics",""
"N00033510","Raul Ruiz (D-Calif)","-53986","579999","263006","2012","H","Center for Responsive Politics",""
"N00031134","Patrick Meehan (R-Pa)","65023","450000","257511","2012","H","Center for Responsive Politics",""
"N00006446","Matt Salmon (R-Ariz)","165004","350000","257502","2012","H","Center for Responsive Politics",""
"N00033640","Hakeem Jeffries (D-NY)","103013","410000","256506","2012","H","Center for Responsive Politics",""
"N00006789","Grace Napolitano (D-Calif)","-231994","744998","256502","2012","H","Center for Responsive Politics",""
"N00004884","Danny K. Davis (D-Ill)","131014","375000","253007","2012","H","Center for Responsive Politics",""
"N00001746","Chaka Fattah (D-Pa)","150002","350000","250001","2012","H","Center for Responsive Politics",""
"N00026631","Jeff Fortenberry (R-Neb)","104006","394999","249502","2012","H","Center for Responsive Politics",""
"N00027894","Jim Jordan (R-Ohio)","120008","376000","248004","2012","H","Center for Responsive Politics",""
"N00033443","Deb Fischer (R-Neb)","-4403992","4899995","248001","2012","S","Center for Responsive Politics",""
"N00034784","Rodney Davis (R-Ill)","85020","405000","245010","2012","H","Center for Responsive Politics",""
"N00002685","Saxby Chambliss (R-Ga)","107009","380000","243504","2012","S","Center for Responsive Politics",""
"N00003545","Steve LaTourette (R-Ohio)","130003","350000","240001","2012","H","Center for Responsive Politics",""
"N00027623","Adrian Smith (R-Neb)","53013","419999","236506","2012","H","Center for Responsive Politics",""
"N00004724","Jan Schakowsky (D-Ill)","12026","459999","236012","2012","H","Center for Responsive Politics",""
"N00031129","James Lankford (R-Okla)","73019","397000","235009","2012","H","Center for Responsive Politics",""
"N00024870","Linda Sanchez (D-Calif)","-263977","729996","233009","2012","H","Center for Responsive Politics",""
"N00032029","Morgan Griffith (R-Va)","15002","449999","232500","2012","H","Center for Responsive Politics",""
"N00033839","Marc Veasey (D-Texas)","18020","439998","229009","2012","H","Center for Responsive Politics",""
"N00029736","Glenn Thompson (R-Pa)","101003","349999","225501","2012","H","Center for Responsive Politics",""
"N00002327","Sue Myrick (R-NC)","85009","359999","222504","2012","H","Center for Responsive Politics",""
"N00027751","John Sarbanes (D-Md)","93009","345000","219004","2012","H","Center for Responsive Politics",""
"N00029412","Steve Austria (R-Ohio)","92008","345000","218504","2012","H","Center for Responsive Politics",""
"N00034639","Donald M. Payne, Jr (D-NJ)","116004","316000","216002","2012","H","Center for Responsive Politics",""
"N00002472","Jim DeMint (R-SC)","116003","315000","215501","2012","S","Center for Responsive Politics",""
"N00032416","Rob Woodall (R-Ga)","105006","325000","215003","2012","H","Center for Responsive Politics",""
"N00003765","Mike Pence (R-Ind)","59021","364000","211510","2012","H","Center for Responsive Politics",""
"N00026368","Tim Walberg (R-Mich)","67018","355000","211009","2012","H","Center for Responsive Politics",""
"N00028859","Larry Kissell (D-NC)","58009","354999","206504","2012","H","Center for Responsive Politics",""
"N00029562","Ben R. Lujan (D-NM)","46005","364999","205502","2012","H","Center for Responsive Politics",""
"N00030880","Trey Gowdy (R-SC)","1","399999","200000","2012","H","Center for Responsive Politics",""
"N00025284","Raul M. Grijalva (D-Ariz)","74012","325000","199506","2012","H","Center for Responsive Politics",""
"N00030622","Terri A. Sewell (D-Ala)","-636982","1019997","191507","2012","H","Center for Responsive Politics",""
"N00030667","Adam Kinzinger (R-Ill)","97006","280000","188503","2012","H","Center for Responsive Politics",""
"N00028152","Kevin McCarthy (R-Calif)","78009","296000","187004","2012","H","Center for Responsive Politics",""
"N00030668","Bobby Schilling (R-Ill)","-77994","444998","183502","2012","H","Center for Responsive Politics",""
"N00033509","Gloria McLeod (D-Calif)","-48997","414999","183001","2012","H","Center for Responsive Politics",""
"N00000575","John B. Larson (D-Conn)","-57956","420999","181521","2012","H","Center for Responsive Politics",""
"N00027523","Albio Sires (D-NJ)","96005","265000","180502","2012","H","Center for Responsive Politics",""
"N00033395","Dan Kildee (D-Mich)","50009","309999","180004","2012","H","Center for Responsive Politics",""
"N00029131","Allen West (R-Fla)","-83997","434997","175500","2012","H","Center for Responsive Politics",""
"N00031998","Chris Gibson (R-NY)","100001","250000","175000","2012","H","Center for Responsive Politics",""
"N00029835","Martin Heinrich (D-NM)","-106984","448999","171007","2012","S","Center for Responsive Politics",""
"N00033630","Richard Hudson (R-NC)","6008","334998","170503","2012","H","Center for Responsive Politics",""
"N00005321","Lee Terry (R-Neb)","27015","310000","168507","2012","H","Center for Responsive Politics",""
"N00000153","Richard E. Neal (D-Mass)","83011","250000","166505","2012","H","Center for Responsive Politics",""
"N00031177","Mark Amodei (R-Nev)","102004","230000","166002","2012","H","Center for Responsive Politics",""
"N00006701","Mark A Takano (D-Calif)","52003","264999","158501","2012","H","Center for Responsive Politics",""
"N00025025","Jim Gerlach (R-Pa)","63007","245000","154003","2012","H","Center for Responsive Politics",""
"N00009738","John Culberson (R-Texas)","-579996","880998","150501","2012","H","Center for Responsive Politics",""
"N00007151","Dana Rohrabacher (R-Calif)","-448997","749998","150500","2012","H","Center for Responsive Politics",""
"N00033316","Joaquin Castro (D-Texas)","51002","249999","150500","2012","H","Center for Responsive Politics",""
"N00030418","Gregorio Sablan (D-MP)","62006","230000","146003","2012","H","Center for Responsive Politics",""
"N00033638","Steven Horsford (D-Nev)","29015","260000","144507","2012","H","Center for Responsive Politics",""
"N00031777","Tom Marino (R-Pa)","-304550","587442","141446","2012","H","Center for Responsive Politics",""
"N00035215","Robin Kelly (D-Ill)","91495","190490","140992","2012","H","Center for Responsive Politics",""
"N00025175","Michael R. Turner (R-Ohio)","-992","279998","139503","2012","H","Center for Responsive Politics",""
"N00034453","Derek Kilmer (D-Wash)","57143","220131","138637","2012","H","Center for Responsive Politics",""
"N00011971","Dan Lungren (R-Calif)","66004","205000","135502","2012","H","Center for Responsive Politics",""
"N00030780","Cory Gardner (R-Colo)","-20984","284999","132007","2012","H","Center for Responsive Politics",""
"N00009918","Patrick Leahy (D-Vt)","49007","210000","129503","2012","S","Center for Responsive Politics",""
"N00031265","Robert Hurt (R-Va)","21008","224999","123003","2012","H","Center for Responsive Politics",""
"N00012460","William L. Clay Jr (D-Mo)","55006","175000","115003","2012","H","Center for Responsive Politics",""
"N00013820","Chris Van Hollen (D-Md)","47006","181000","114003","2012","H","Center for Responsive Politics",""
"N00012942","Betty McCollum (D-Minn)","25011","200000","112505","2012","H","Center for Responsive Politics",""
"N00006882","Buck Mckeon (R-Calif)","52005","171000","111502","2012","H","Center for Responsive Politics",""
"N00031696","Mike Lee (R-Utah)","52004","170000","111002","2012","S","Center for Responsive Politics",""
"N00009719","Todd Platts (R-Pa)","24016","191000","107508","2012","H","Center for Responsive Politics",""
"N00002356","Mike McIntyre (D-NC)","46006","167000","106503","2012","H","Center for Responsive Politics",""
"N00026961","Yvette D. Clarke (D-NY)","35007","175000","105003","2012","H","Center for Responsive Politics",""
"N00007232","Lois Capps (D-Calif)","-3976987","4172999","98006","2012","H","Center for Responsive Politics",""
"N00027467","Timothy J. Walz (D-Minn)","-216991","409997","96503","2012","H","Center for Responsive Politics",""
"N00030926","Sandy Adams (R-Fla)","-61996","239997","89000","2012","H","Center for Responsive Politics",""
"N00028133","Douglas L. Lamborn (R-Colo)","-162990","339998","88504","2012","H","Center for Responsive Politics",""
"N00009573","Jeff Flake (R-Ariz)","-198997","364999","83001","2012","S","Center for Responsive Politics",""
"N00027566","Christopher S. Murphy (D-Conn)","-29993","194998","82502","2012","S","Center for Responsive Politics",""
"N00032022","Kristi Noem (R-SD)","-478991","640999","81004","2012","H","Center for Responsive Politics",""
"N00005656","Joe Barton (R-Texas)","2004","154999","78501","2012","H","Center for Responsive Politics",""
"N00002577","John Lewis (D-Ga)","9009","135000","72004","2012","H","Center for Responsive Politics",""
"N00029632","Gregg Harper (R-Miss)","-213997","354999","70501","2012","H","Center for Responsive Politics",""
"N00030670","Todd Young (R-Ind)","-496995","629998","66501","2012","H","Center for Responsive Politics",""
"N00009816","Chris Smith (R-NJ)","64273","64273","64273","2012","H","Center for Responsive Politics",""
"N00002674","Sanford Bishop (D-Ga)","-167992","280998","56503","2012","H","Center for Responsive Politics",""
"N00001003","Eliot L. Engel (D-NY)","-166994","279998","56502","2012","H","Center for Responsive Politics",""
"N00008028","Sam Johnson (R-Texas)","17003","80000","48501","2012","H","Center for Responsive Politics",""
"N00025292","Rob Bishop (R-Utah)","16002","65000","40501","2012","H","Center for Responsive Politics",""
"N00033508","Eric Swalwell (D-Calif)","16002","65000","40501","2012","H","Center for Responsive Politics",""
"N00001102","Nydia M. Velazquez (D-NY)","2","80000","40001","2012","H","Center for Responsive Politics",""
"N00001821","Steny H. Hoyer (D-Md)","15003","52000","33501","2012","H","Center for Responsive Politics",""
"N00001813","Jose E. Serrano (D-NY)","15001","50000","32500","2012","H","Center for Responsive Politics",""
"N00004118","Debbie Stabenow (D-Mich)","15001","50000","32500","2012","S","Center for Responsive Politics",""
"N00013847","John Sullivan (R-Okla)","15001","50000","32500","2012","H","Center for Responsive Politics",""
"N00031104","Randy Hultgren (R-Ill)","15001","50000","32500","2012","H","Center for Responsive Politics",""
"N00027060","Brian M. Higgins (D-NY)","-41991","105999","32004","2012","H","Center for Responsive Politics",""
"N00028249","Donna Edwards (D-Md)","16137","45134","30635","2012","H","Center for Responsive Politics",""
"N00030184","Cedric Richmond (D-La)","-47995","101998","27001","2012","H","Center for Responsive Politics",""
"N00007089","Joe Baca (D-Calif)","3004","46000","24502","2012","H","Center for Responsive Politics",""
"N00031640","Ann Marie Buerkle (R-NY)","3003","45000","24001","2012","H","Center for Responsive Politics",""
"N00026106","Debbie Wasserman Schultz (D-Fla)","-237987","279998","21005","2012","H","Center for Responsive Politics",""
"N00025280","Tim Ryan (D-Ohio)","2003","31000","16501","2012","H","Center for Responsive Politics",""
"N00028091","Carol Shea-Porter (D-NH)","2002","30000","16001","2012","H","Center for Responsive Politics",""
"N00006067","Silvestre Reyes (D-Texas)","2002","30000","16001","2012","H","Center for Responsive Politics",""
"N00003572","Dennis Kucinich (D-Ohio)","-248995","267999","9502","2012","H","Center for Responsive Politics",""
"N00013823","Mark Pryor (D-Ark)","1001","16000","8500","2012","S","Center for Responsive Politics",""
"N00005918","Steve Stockman (R-Texas)","1001","15000","8000","2012","H","Center for Responsive Politics",""
"N00002083","Jim Moran (D-Va)","1001","15000","8000","2012","H","Center for Responsive Politics",""
"N00027848","Hank Johnson (D-Ga)","1001","15000","8000","2012","H","Center for Responsive Politics",""
"N00031559","Jaime Herrera Beutler (R-Wash)","1001","15000","8000","2012","H","Center for Responsive Politics",""
"N00031216","Luis Antonio Rivera (D-Fla)","-148998","164999","8000","2012","H","Center for Responsive Politics",""
"N00029513","Andre Carson (D-Ind)","-44995","59999","7502","2012","H","Center for Responsive Politics",""
"N00028257","Keith Ellison (D-Minn)","-12993","25000","6003","2012","H","Center for Responsive Politics",""
"N00002713","Corrine Brown (D-Fla)","-12998","20000","3501","2012","H","Center for Responsive Politics",""
"N00030196","Paul Tonko (D-NY)","1","1000","500","2012","H","Center for Responsive Politics",""
"N00029258","Duncan D. Hunter (R-Calif)","0","0","0","2012","H","Center for Responsive Politics",""
"N00026914","Gwen Moore (D-Wis)","0","0","0","2012","H","Center for Responsive Politics",""
"N00001171","Gregory W. Meeks (D-NY)","0","0","0","2012","H","Center for Responsive Politics",""
"N00035854","Curt Clawson","0","0","0","2012","H","Center for Responsive Politics",""
"N00027891","Dan Maffei (D-NY)","-81995","65998","-7998","2012","H","Center for Responsive Politics",""
"N00009660","Steve Scalise (R-La)","-60996","34999","-12998","2012","H","Center for Responsive Politics",""
"N00000939","Jerrold Nadler (D-NY)","-47998","14999","-16499","2012","H","Center for Responsive Politics",""
"N00033532","James Bridenstine (R-Okla)","-174145","129849","-22148","2012","H","Center for Responsive Politics",""
"N00025337","Mario Diaz-Balart (R-Fla)","-48999","-1","-24500","2012","H","Center for Responsive Politics",""
"N00006863","Tom McClintock (R-Calif)","-96995","35999","-30498","2012","H","Center for Responsive Politics",""
"N00030581","Mike Quigley (D-Ill)","-99999","34998","-32500","2012","H","Center for Responsive Politics",""
"N00033983","Kyrsten Sinema (D-Ariz)","-50000","-15001","-32500","2012","H","Center for Responsive Politics",""
"N00031297","Tim Griffin (R-Ark)","-95996","29998","-32999","2012","H","Center for Responsive Politics",""
"N00003758","Julia Carson (D-Ind)","-94995","24999","-34998","2012","H","Center for Responsive Politics",""
"N00034746","Ron DeSantis (R-Fla)","-63998","-9001","-36499","2012","H","Center for Responsive Politics",""
"N00004029","John Conyers Jr (D-Mich)","-65000","-25001","-45000","2012","H","Center for Responsive Politics",""
"N00013345","Steve Israel (D-NY)","-99999","-10001","-55000","2012","H","Center for Responsive Politics",""
"N00031377","Raul Labrador (R-Idaho)","-144994","30997","-56998","2012","H","Center for Responsive Politics",""
"N00031502","Kevin Yoder (R-Kan)","-363991","244995","-59498","2012","H","Center for Responsive Politics",""
"N00004723","Joe Walsh (R-Ill)","-112998","-30001","-71499","2012","H","Center for Responsive Politics",""
"N00009571","Mike Ross (D-Ark)","-219997","39999","-89999","2012","H","Center for Responsive Politics",""
"N00030967","Sean P. Duffy (R-Wis)","-194995","-5003","-99999","2012","H","Center for Responsive Politics",""
"N00031513","Renee Ellmers (R-NC)","-397994","194998","-101498","2012","H","Center for Responsive Politics",""
"N00002147","Bobby Scott (D-Va)","-290945","-19001","-154973","2012","H","Center for Responsive Politics",""
"N00026148","Louis B. Gohmert Jr (R-Texas)","-215000","-110002","-162501","2012","H","Center for Responsive Politics",""
"N00030770","Rick Crawford (R-Ark)","-230000","-120002","-175001","2012","H","Center for Responsive Politics",""
"N00029112","Laura Richardson (D-Calif)","-928989","441995","-243497","2012","H","Center for Responsive Politics",""
"N00001669","Joseph R. Biden Jr (D)","-875972","319997","-277987","2012","E","Center for Responsive Politics",""
"N00031141","Steve Fincher (R-Tenn)","-1149999","204995","-472502","2012","H","Center for Responsive Politics",""
"N00006008","Ruben Hinojosa (D-Texas)","-5287942","680995","-2303473","2012","H","Center for Responsive Politics",""
"N00002884","Alcee L. Hastings (D-Fla)","-7348999","-2115006","-4732002","2012","H","Center for Responsive Politics",""
"N00033367","David Valadao (R-Calif)","-24498997","164993","-12167002","2012","H","Center for Responsive Politics",""
